Mean Squared Error (MSE),Mean Absolute Error (MAE),R² Score
0.3454376859405889,0.3837720320223222,0.7778595089912415
